Account,Username,Password,Last Modified
PayPal,admin8642,a5*#r*BGI#,2024-09-12 21:01:27
PayPal,user8069,#I*FnUWzgX,2024-01-29 10:00:51
Reddit,guest9571,EI%eA7hxw0,2024-04-11 10:57:14
Twitter,admin8269,sVDvXi7q7%,2024-08-24 06:59:09
Netflix,guest6203,DYzNeM!*mH,2024-09-15 18:25:05
Twitter,owner7610,JmJmbaUn!@,2024-02-24 23:43:19
LinkedIn,user8039,V!A*Tevr45,2024-03-26 10:26:26
PayPal,member1531,nfXt3Bog^5,2024-09-17 06:32:11
Yahoo,guest8468,7zlvELL@OM,2024-08-06 12:27:45
Wells Fargo,owner6304,6Hc7Wj*qwg,2024-01-26 18:53:15
Twitter,owner7246,JEkz7d%JHQ,2024-03-15 11:20:33
Yahoo,user9555,s%N9lXjVF0,2024-02-18 23:47:31
PayPal,admin2028,Xgi$lRC#dZ,2024-04-14 04:01:14
LinkedIn,admin8772,WkOO4rH@ov,2024-01-02 13:36:28
Twitter,member6692,fom6T5v60e,2024-08-15 15:49:22
Visa,admin2024,WqUzgBKE2S,2024-09-02 12:06:13
LinkedIn,user2085,rtDL^5&4WP,2024-06-29 13:47:31
Visa,member4784,@BCbYn^Np3,2024-06-29 08:32:20
Netflix,member2785,4jb84L#*3D,2024-02-08 09:24:48
Instagram,user2414,bnqBYWkCIf,2024-08-08 05:12:46
Bank of America,user5839,YZV42OdH#3,2024-02-19 09:13:28
Netflix,guest1912,&1s$xv!a@E,2024-10-10 22:50:24
Wells Fargo,admin6008,24f4wS*Ok4,2024-02-18 20:07:37
Reddit,owner1919,7229nZLhNh,2024-09-30 05:13:48
MasterCard,admin6393,93yuk1qpRM,2024-02-07 00:41:17
Reddit,member3227,snUqwHXEXr,2024-04-28 17:18:09
Yahoo,guest1570,sq*7&wY#wP,2024-05-25 07:11:14
Instagram,user7828,6AXEZcvNzl,2024-08-07 23:47:56
Bank of America,member3637,gIJhg6jmYu,2024-09-15 05:43:48
Reddit,member3533,$NqKB5aVRw,2024-01-01 12:41:21
Bank of America,owner4110,x20WPPQJIJ,2024-05-09 20:04:57
Bank of America,owner7788,r%&m%GTNHa,2024-01-16 05:29:26
Reddit,admin6503,8Rk!2osyOZ,2024-08-03 22:27:23
Gmail,guest7213,yoGKeHR1Rp,2024-08-24 16:56:38
Facebook,member8440,iYn#VK2rWP,2024-06-11 06:25:50
Gmail,member3329,u%SORxGfGU,2024-10-16 21:12:48
PayPal,owner9621,3qCZY%JjGX,2024-06-27 17:14:28
Reddit,user2316,bEo6T&Nsne,2024-05-09 22:17:05
Visa,user3849,$C^evYMhUY,2024-09-08 22:20:55
Wells Fargo,user9546,e%Bopa6ICj,2024-04-30 00:37:11
Bank of America,guest6644,jD&wML%2ZK,2024-03-21 14:54:24
Instagram,owner9187,yQGtg2nXRf,2024-01-28 12:19:17
Reddit,member7632,@VHP!jAmRe,2024-03-11 12:52:21
PayPal,guest5268,*!mbyzR9mf,2024-01-30 04:34:37
LinkedIn,admin9295,I$stSLXPqd,2024-10-03 00:38:57
PayPal,guest9009,ejcW0!5YEJ,2024-01-09 12:38:50
Gmail,guest2975,7jo3lf8N1S,2024-09-15 04:56:55
Reddit,owner5427,Qq8#^jmJ@F,2024-02-10 04:40:07
Bank of America,member1114,xHxXobtOc1,2024-08-23 14:02:07
Twitter,owner4613,Zph$NRBsxH,2024-02-24 05:26:41
